scene,indoor_navigable_area,outdoor_navigable_area,total_navigable_area,indoor_navigation_complexity,outdoor_navigation_complexity,total_navigation_complexity,indoor_scene_clutter,outdoor_scene_clutter,total_scene_clutter,indoor_floor_area,outdoor_floor_area,total_floor_area
106366413_174226809,108.56050872802734,0.0,108.56050872802734,15.079967479718956,0.0,15.079967479718956,6.279918257116292,0.0,6.279918257116292,201.22876023292525,0.0,201.22876023292525
107734017_175999794,73.56604766845703,64.7153091430664,138.28135681152344,12.213429238616063,5.262197179137092,12.213429238616063,6.525329674355712,3.273273174141478,4.781224550485943,134.81124829769124,77.20501340150872,215.6925122928624
107734227_176000091,73.82768154144287,43.80524349212647,117.63292503356934,10.833060704625984,4.84420199884784,10.833060704625984,7.265804504774336,3.745737998986172,5.844038317462519,222.4500155806545,98.20500037193278,288.51250400543194
105515307_173104317,57.88500595092773,0.0,57.88500595092773,6.0820858075802295,0.0,6.0820858075802295,6.349634792071734,0.0,6.349634792071734,142.01501114130042,0.0,142.01501114130042
106366434_174226881,109.0274658203125,0.0,109.0274658203125,5.148602654255989,0.0,5.148602654255989,4.730903592373275,0.0,4.730903592373275,175.12126725673716,0.0,175.12126725673716
105515235_173104215,288.1904602050781,0.0,288.1904602050781,21.424711286445167,0.0,21.424711286445167,3.464374768215002,0.0,3.464374768215002,481.7512441682801,0.0,481.7512441682801
106878858_174886965,0.0,865.4227905273438,865.4227905273438,0.0,66.44044077536962,66.44044077536962,0.0,1.947105976578582,0.0,0.0,1031.0788603210476,1031.0788603210476
104348328_171513363,51.95875453948975,0.0,51.95875453948975,12.768198339228215,0.0,12.768198339228215,7.410877884286681,0.0,7.410877884286681,107.4600016736986,0.0,107.4600016736986
102816729,96.13278007507324,134.22829055786133,230.36107063293457,9.081821038545517,2.0563136361166543,9.081821038545517,6.790799477050887,2.2737323001812237,4.052767737431461,203.66250319480832,271.1025037145609,382.9987551879876
106366104_174226332,90.54573059082033,0.0,90.54573059082033,17.11792275864749,0.0,17.11792275864749,7.550085379626444,0.0,7.550085379626444,209.6712621784211,0.0,209.6712621784211
108294492_176709993,210.5834808349609,131.43270874023438,342.0161895751953,13.954311727038943,32.7753210377366,32.7753210377366,3.544238336703042,4.62912852290947,3.748002089635056,287.2450099992747,492.3500075817119,492.3500075817119
105515301_173104305,114.59984922409058,69.927490234375,184.5273394584656,8.906533343592228,3.007371672722792,8.906533343592228,7.109733934724924,3.2307099641398165,5.4533974785252655,282.0550123584269,154.7874825894835,381.2412371480468
102817200,139.12448120117188,0.0,139.12448120117188,21.119075321804125,0.0,21.119075321804125,5.880383967742526,0.0,5.880383967742526,242.75001430511475,0.0,242.75001430511475
105515523_173104614,71.10563659667969,51.1474494934082,122.25308609008788,14.109949045195062,3.3118893047070475,14.109949045195062,5.390996785846119,2.515462859027767,3.793476745594544,134.33000566482497,194.50750778198244,212.70001335144028
104862639_172226823,57.211212158203125,0.0,57.211212158203125,4.515535021098043,0.0,4.515535021098043,6.820584859549919,0.0,6.820584859549919,146.49000255823148,0.0,146.49000255823148
106366104_174226320,425.547212600708,1082.4387712478638,1507.9859838485718,23.59511505440605,6.0731065856005575,23.59511505440605,3.322094712760137,1.395869335381424,1.911488639046792,2913.062555599217,4687.825166702275,5103.845208244329
102816150,69.13375091552734,156.29122924804688,225.42498016357425,17.401359912972673,39.95069442625528,39.95069442625528,8.469465448725519,4.681293093214037,5.555954533864969,142.9050056529045,402.1300197076797,402.1300197076797
103997586_171030666,70.29383087158203,380.15478515625,450.448616027832,3.728101019092084,5.903044374494872,5.903044374494872,3.129566622537142,2.9260334739425624,2.9346189208653506,144.0675131034859,644.5225411319733,644.5225411319733
108736611_177263226,182.9909820556641,23.19111967086792,206.182101726532,26.587435913524693,1.3980976451300144,26.587435913524693,5.905067887192455,2.4375844598502376,5.517085932619577,360.26250016689306,71.74375437498065,360.26250016689306
108294915_176710620,49.86124038696289,0.0,49.86124038696289,10.173190891789426,0.0,10.173190891789426,7.63743567206482,0.0,7.63743567206482,123.0224996232986,0.0,123.0224996232986
103997718_171030855,279.2485046386719,847.9176216125488,1127.1661262512207,17.68719977550003,2.513655561787425,17.68719977550003,5.169277593001295,0.763641649921293,1.822137447009351,500.8874997138992,969.1224999809258,1624.7137205886847
102817140,161.80137634277344,0.0,161.80137634277344,10.24910625260943,0.0,10.24910625260943,6.290372266430191,0.0,6.290372266430191,279.99625695705527,0.0,279.99625695705527
107734410_176000355,69.25624752044678,0.0,69.25624752044678,10.01911353146788,0.0,10.01911353146788,7.090473257346448,0.0,7.090473257346448,187.89999809265103,0.0,187.89999809265103
102344049,117.87981414794922,0.0,117.87981414794922,11.671577961978274,0.0,11.671577961978274,5.3912718085821645,0.0,5.3912718085821645,314.22501205205936,0.0,314.22501205205936
105515448_173104512,133.7100067138672,0.0,133.7100067138672,14.668736184907129,0.0,14.668736184907129,6.807203391373886,0.0,6.807203391373886,344.42752458810907,0.0,344.42752458810907
107734449_176000403,59.81388473510742,0.0,59.81388473510742,12.812435137752775,0.0,12.812435137752775,8.470885507050772,0.0,8.470885507050772,131.50250177145006,0.0,131.50250177145006
105515403_173104449,24.44374704360962,87.35610747337341,111.79985451698305,5.693351069119982,3.317787653639283,5.693351069119982,10.383451188069468,3.8862780123991136,5.2222223672804535,62.938748412132085,133.17750559806836,133.17750559806836
103997919_171031233,50.38249969482422,0.0,50.38249969482422,5.943443261891352,0.0,5.943443261891352,4.768544591536018,0.0,4.768544591536018,71.42250319957736,0.0,71.42250319957736
102815859,76.89276504516602,237.8362274169922,314.7289924621582,5.7371530182219725,2.8414497383102417,5.7371530182219725,5.843470467852603,2.372422505546782,3.0535341462438583,159.07250683546064,437.31877342462576,437.31877342462576
108736737_177263406,107.7277603149414,0.0,107.7277603149414,7.940962699053601,0.0,7.940962699053601,4.592035693062263,0.0,4.592035693062263,190.00625047683693,0.0,190.00625047683693
108736722_177263382,29.88091087341309,0.0,29.88091087341309,6.652129309977549,0.0,6.652129309977549,9.045376727651467,0.0,9.045376727651467,68.89875255942341,0.0,68.89875255942341
108736704_177263361,25.224552154541016,0.0,25.224552154541016,5.838659553553669,0.0,5.838659553553669,11.166168192748623,0.0,11.166168192748623,64.21875224113457,0.0,64.21875224113457
106365897_174225972,120.39566421508788,0.0,120.39566421508788,10.320019506758056,0.0,10.320019506758056,5.694158229621072,0.0,5.694158229621072,233.7812709093105,0.0,233.7812709093105
102816051,99.42052459716795,0.0,99.42052459716795,11.431291669212875,0.0,11.431291669212875,6.066447395733403,0.0,6.066447395733403,209.29000224828744,0.0,209.29000224828744
106878975_174887088,93.93756866455078,0.0,93.93756866455078,8.598256450482978,0.0,8.598256450482978,5.850967988713519,0.0,5.850967988713519,183.1012771177302,0.0,183.1012771177302
105515211_173104179,86.19359588623047,0.0,86.19359588623047,7.897420517577352,0.0,7.897420517577352,4.654856021625914,0.0,4.654856021625914,146.9550082203754,0.0,146.9550082203754
104348160_171513093,24.8173885345459,415.4006366729736,440.21802520751953,6.563715944528675,26.18782117357107,26.18782117357107,11.360096700297582,1.9284879523511549,2.374530133524752,47.934998908043326,535.8700438070309,535.8700438070309
102344280,161.87191772460938,0.0,161.87191772460938,9.005428658341614,0.0,9.005428658341614,4.37824618253897,0.0,4.37824618253897,304.7362569999696,0.0,304.7362569999696
105515211_173104173,27.557270050048828,0.0,27.557270050048828,5.584217078263556,0.0,5.584217078263556,9.021563576180032,0.0,9.021563576180032,59.24875543832764,0.0,59.24875543832764
105515505_173104584,134.92724752426147,0.0,134.92724752426147,15.9349308588442,0.0,15.9349308588442,5.005299255615342,0.0,5.005299255615342,277.23623990535657,0.0,277.23623990535657
105515490_173104566,64.43160247802734,13.897997856140137,78.32960033416748,7.180487981236328,2.087214586959955,7.180487981236328,8.029541859518623,7.067156973157883,7.73191706173072,174.7937571525572,23.244998197555567,209.08750863075244
104862345_172226274,41.24894332885742,40.50796508789063,81.75690841674805,13.743395876429997,3.0947031686252484,13.743395876429997,7.848237424564433,1.474779210842716,4.257358890254685,80.75500605821617,69.31499856472009,133.95625212192522
102817161,186.77110290527344,0.0,186.77110290527344,14.138684796358524,0.0,14.138684796358524,6.293828729707746,0.0,6.293828729707746,330.92126110553613,0.0,330.92126110553613
108294417_176709879,58.86706066131592,0.0,58.86706066131592,3.463873445045716,0.0,3.463873445045716,4.1619952789272565,0.0,4.1619952789272565,113.43875480175016,0.0,113.43875480175016
104862687_172226883,35.11417770385742,0.0,35.11417770385742,3.9479267537618328,0.0,3.9479267537618328,8.226065734458732,0.0,8.226065734458732,63.43875186920161,0.0,63.43875186920161
106879044_174887172,68.60092163085938,0.0,68.60092163085938,10.859196601095984,0.0,10.859196601095984,4.9277350992019535,0.0,4.9277350992019535,133.75124950885763,0.0,133.75124950885763
102344349,127.1240005493164,34.651241302490234,161.77524185180664,11.099884479443991,2.2641108166430914,11.099884479443991,4.7584214966211045,4.790128871298437,4.741481796070016,263.9262547779085,46.28499944448436,300.4600048208236
104348133_171513054,40.25980758666992,0.0,40.25980758666992,15.429655683162656,0.0,15.429655683162656,6.1080671017094215,0.0,6.1080671017094215,73.25625170469264,0.0,73.25625170469264
106878840_174886947,238.3818359375,25.7697811126709,264.1516170501709,10.420801913859885,1.3620742472218457,10.420801913859885,4.421049140851719,5.393687827969369,4.428164143329929,503.4825444269181,29.283749518393968,503.4825444269181
106366293_174226605,35.79625129699707,879.2345675230026,915.0308188199996,6.988020052140546,41.208872908984254,41.208872908984254,8.90232316618143,2.926102156196153,3.1377703759525977,132.73375812530503,1169.2462386703464,1267.0087836360926
104862501_172226556,165.5550365447998,0.0,165.5550365447998,15.623015103714948,0.0,15.623015103714948,6.558420094422125,0.0,6.558420094422125,342.9937662541868,0.0,342.9937662541868
103997424_171030444,68.72062683105469,0.0,68.72062683105469,8.640650518633873,0.0,8.640650518633873,6.345026720976838,0.0,6.345026720976838,140.15626266002664,0.0,140.15626266002664
106366134_174226362,63.15118408203125,412.7759599685669,475.9271440505981,16.967673501717538,37.61555091925611,37.61555091925611,7.130016970949227,3.9476844442143184,4.232663475396868,120.7412549161909,680.0912822151187,680.0912822151187
103997781_171030978,71.84466552734375,57.47809028625488,129.32275581359863,8.63487352200706,2.574907233578291,8.63487352200706,6.447214077447337,5.028180271723451,5.546103317102828,128.61500687360737,214.63001400947587,219.4425162744524
106879080_174887211,114.01537322998048,0.0,114.01537322998048,10.289719167648276,0.0,10.289719167648276,6.613471574438837,0.0,6.613471574438837,219.29126047134395,0.0,219.29126047134395
103997643_171030747,40.42321395874024,0.0,40.42321395874024,5.65544979767176,0.0,5.65544979767176,8.935508031374136,0.0,8.935508031374136,90.88375354766856,0.0,90.88375354766856
104348511_171513654,60.78989791870117,0.0,60.78989791870117,28.5531701514294,0.0,28.5531701514294,8.547147016277627,0.0,8.547147016277627,129.46626045942298,0.0,129.46626045942298
103997460_171030507,76.30750274658203,0.0,76.30750274658203,13.015226402385112,0.0,13.015226402385112,4.997592054475322,0.0,4.997592054475322,136.31000473737708,0.0,136.31000473737708
104862513_172226580,76.73553466796875,0.0,76.73553466796875,13.17495671319816,0.0,13.17495671319816,6.278332851902444,0.0,6.278332851902444,135.17875748515138,0.0,135.17875748515138
105515364_173104374,34.09874725341797,0.0,34.09874725341797,7.12814643880461,0.0,7.12814643880461,11.12543462919951,0.0,11.12543462919951,87.23874836444851,0.0,87.23874836444851
102344403,230.2410888671875,444.9626564979553,675.2037453651428,10.004189020542526,4.863559320554722,10.004189020542526,4.773339097003971,1.012464727844845,2.2360259950093857,559.3625278472882,1995.88509949684,1995.88509949684
103997478_171030525,196.9278717041016,21.26250457763672,218.19037628173828,15.04710882199712,9.495899717435057,15.04710882199712,3.31702820510858,6.526295118344131,3.581843309870311,363.1512477207179,66.40375609636294,448.9225056314463
108294465_176709960,13.52750015258789,0.0,13.52750015258789,5.5260982647212105,0.0,5.5260982647212105,13.965077000228112,0.0,13.965077000228112,29.912501192092805,0.0,29.912501192092805
104862726_172226952,57.5510139465332,0.0,57.5510139465332,6.370778689527963,0.0,6.370778689527963,7.262786338370126,0.0,7.262786338370126,119.9850025439264,0.0,119.9850025439264
107734188_176000034,232.36791944503784,429.5399589538574,661.9078783988953,14.125509157525242,7.906758671920799,14.125509157525242,3.877117154015802,1.3177768589731975,2.297479843094849,398.4550314140324,482.6862646174443,482.6862646174443
108294897_176710602,59.05775833129883,0.0,59.05775833129883,7.526654460321591,0.0,7.526654460321591,8.605276431156671,0.0,8.605276431156671,131.9387514519692,0.0,131.9387514519692
105515184_173104128,101.52326965332033,18.80272674560547,120.32599639892578,15.62909400388473,3.9346122031257886,15.62909400388473,6.410138198271615,5.973436333348431,6.248709375783256,200.8812516927719,27.16374564647685,221.66000036239623
106366248_174226527,25.077028274536133,496.4281642436981,521.5051925182343,5.741285356474583,8.897028939059549,8.897028939059549,9.96998249440657,2.74576871355928,3.028904277234257,61.785000982285965,730.4900300598147,730.4900300598147
104348037_171512898,33.76387405395508,16.322856903076172,50.08673095703125,6.263396329750043,3.392910971010292,6.263396329750043,8.214490230714691,9.516255221278817,8.048581347074498,62.49999793767939,51.47750433445003,93.87250380754494
103997478_171030528,105.93444633483888,0.0,105.93444633483888,10.64978606166834,0.0,10.64978606166834,4.110645312052243,0.0,4.110645312052243,198.8087554311753,0.0,198.8087554311753
103997403_171030405,36.06612014770508,0.0,36.06612014770508,5.952563209453186,0.0,5.952563209453186,5.756709758584203,0.0,5.756709758584203,58.818749165535095,0.0,58.818749165535095
102816009,261.0606994628906,361.8690185546875,622.9297180175781,14.62486314726522,18.60418575477835,18.60418575477835,4.657666226827964,2.2160778494452797,3.1280409636119737,648.5162352943426,951.4150400733944,1085.1863217067712
103997730_171030885,122.57885932922365,272.9132480621338,395.4921073913574,11.920780844103811,4.117470146166634,11.920780844103811,6.6223360434869445,1.7582754539836365,3.173442697048722,337.90749259471795,468.1824959087362,650.4562508821473
106366173_174226431,80.35794830322266,0.0,80.35794830322266,9.737288263670342,0.0,9.737288263670342,4.49592469853267,0.0,4.49592469853267,120.05750380039215,0.0,120.05750380039215
106366233_174226506,47.96357536315918,0.0,47.96357536315918,7.809091149391925,0.0,7.809091149391925,10.588606187496485,0.0,10.588606187496485,110.99125523805606,0.0,110.99125523805606
105515322_173104332,36.493751525878906,0.0,36.493751525878906,6.8507783456082505,0.0,6.8507783456082505,10.221194632252256,0.0,10.221194632252256,82.72999896526335,0.0,82.72999896526335
107733960_175999701,167.59222412109375,0.0,167.59222412109375,13.65605807287431,0.0,13.65605807287431,5.18262986370122,0.0,5.18262986370122,339.97125196218485,0.0,339.97125196218485
103997895_171031182,53.22853469848633,0.0,53.22853469848633,14.082128409027744,0.0,14.082128409027744,9.281475618553516,0.0,9.281475618553516,106.83624729633334,0.0,106.83624729633334
107734080_175999881,100.0489730834961,36.80498504638672,136.8539581298828,12.459472694831636,1.080171786295727,12.459472694831636,16.251623939691793,3.222190516639797,12.747537475181016,223.553758563994,38.62748633384399,298.2162546539293
108294783_176710410,75.11941528320312,0.0,75.11941528320312,14.50696768813923,0.0,14.50696768813923,7.99184246125025,0.0,7.99184246125025,161.5962445950504,0.0,161.5962445950504
103997799_171031002,79.1735610961914,0.0,79.1735610961914,10.47468935947794,0.0,10.47468935947794,10.019582698674446,0.0,10.019582698674446,185.13875545740143,0.0,185.13875545740143
107734158_175999998,68.42399597167969,2300.87410902977,2369.2981050014496,5.65268441265735,18.588503093401204,18.588503093401204,6.962472138866152,1.908091053159428,2.038996095643784,149.22625873565633,2894.508797512055,2894.508797512055
107734338_176000244,50.64749526977539,0.0,50.64749526977539,11.03092113070549,0.0,11.03092113070549,10.667997871524232,0.0,10.667997871524232,123.18375806570069,0.0,123.18375806570069
104348253_171513237,17.758033752441406,0.0,17.758033752441406,3.4724021488901182,0.0,3.4724021488901182,10.327729604224835,0.0,10.327729604224835,37.96375226855267,0.0,37.96375226855267
108736884_177263634,195.36241149902344,0.0,195.36241149902344,18.809790212617717,0.0,18.809790212617717,5.289474321703271,0.0,5.289474321703271,376.4075005817412,0.0,376.4075005817412
107734119_175999938,47.897911071777344,0.0,47.897911071777344,7.067548168075572,0.0,7.067548168075572,6.257740358433839,0.0,6.257740358433839,91.70500589132314,0.0,91.70500589132314
105515430_173104494,51.24566650390625,0.0,51.24566650390625,10.391062930627813,0.0,10.391062930627813,9.035536563162257,0.0,9.035536563162257,141.55250198602698,0.0,141.55250198602698
102816216,69.83647155761719,0.0,69.83647155761719,10.31577749422788,0.0,10.31577749422788,9.267100027321364,0.0,9.267100027321364,162.22000010490362,0.0,162.22000010490362
107734119_175999935,53.89718627929688,278.0310926437378,331.92827892303467,6.456197202203506,8.824926148862422,8.824926148862422,6.639023907318398,3.153794860899044,3.6699170365446783,110.37249638080606,479.000023531914,479.000023531914
108294624_176710203,100.07864379882812,77.66411781311035,177.74276161193848,14.568180302315785,2.6107807194012467,14.568180302315785,6.316110089390503,4.258814597530482,5.171335352184654,229.26751253128052,218.14502321958616,322.3800351333626
102344439,217.00997924804688,235.49023151397705,452.5002107620239,13.249697390007952,3.305263639603353,13.249697390007952,6.254827850482075,1.867350507526643,3.874227001073215,450.455051417352,469.0075279879571,642.0400463676457
104348394_171513453,19.67336654663086,0.0,19.67336654663086,5.546931668102766,0.0,5.546931668102766,12.905669655154714,0.0,12.905669655154714,52.78625661849946,0.0,52.78625661849946
102344115,13.745000839233398,0.0,13.745000839233398,5.4920112007541,0.0,5.4920112007541,13.149139467993551,0.0,13.149139467993551,28.951251547336597,0.0,28.951251547336597
108736689_177263340,8.865494728088379,0.0,8.865494728088379,6.371248332435758,0.0,6.371248332435758,17.064601064657396,0.0,17.064601064657396,26.077500358819915,0.0,26.077500358819915
104348361_171513414,121.1892318725586,0.0,121.1892318725586,15.549588384537596,0.0,15.549588384537596,4.526744373745594,0.0,4.526744373745594,215.5312636613853,0.0,215.5312636613853
102344469,124.86745834350586,0.0,124.86745834350586,12.434885902047982,0.0,12.434885902047982,5.743626603655253,0.0,5.743626603655253,308.7550304126744,0.0,308.7550304126744
108294537_176710050,0.0,659.0848388671875,659.0848388671875,0.0,75.95512161983591,75.95512161983591,0.0,3.003797481418357,0.0,0.0,892.80129545212,892.80129545212
108736677_177263328,27.0080680847168,0.0,27.0080680847168,5.044696358681468,0.0,5.044696358681468,8.574731320440396,0.0,8.574731320440396,54.471249637603705,0.0,54.471249637603705
102344193,54.12124633789063,0.0,54.12124633789063,5.856697858480736,0.0,5.856697858480736,5.732578827905927,0.0,5.732578827905927,101.98750395774822,0.0,101.98750395774822
108294798_176710428,58.109113693237305,187.1919302940369,245.30104398727417,19.98118981413413,7.397300997304904,19.98118981413413,9.791738412882555,2.4868296788939146,4.127259495728092,174.28001018285795,328.92250477313974,467.70878134727536
104348478_171513603,235.5740203857422,42.69624710083008,278.27026748657227,25.509468181202067,4.950530383926907,25.509468181202067,5.001987276353515,4.451118850500678,4.8677354821176175,531.3737573575991,67.68000695228602,579.1725103998197
106879005_174887124,55.10732650756836,30.57356071472168,85.68088722229004,6.293635605044341,4.794912314784704,6.293635605044341,6.467661260252931,7.498838389685894,6.734715958785882,92.75125194072734,49.58749932050705,161.3800011587143
105515337_173104347,35.19382858276367,0.0,35.19382858276367,6.449171242934354,0.0,6.449171242934354,9.471048063597497,0.0,9.471048063597497,113.38500534534457,0.0,113.38500534534457
103997445_171030492,225.64498901367188,0.0,225.64498901367188,18.359897731099224,0.0,18.359897731099224,4.147932686484432,0.0,4.147932686484432,364.4162706398968,0.0,364.4162706398968
108294846_176710506,137.75209045410156,298.3051147460937,436.0572052001953,9.105531676764192,3.721649118121959,9.105531676764192,3.8049666002011233,2.128342416427072,2.597948262650456,392.6612630081172,692.527443990708,692.527443990708
107733912_175999623,21.37999725341797,221.49624633789065,242.8762435913086,9.988893501772386,5.901207264620549,9.988893501772386,11.82040560709642,0.7281211035194758,1.5859058524534282,51.84249765396113,306.02501839399383,306.02501839399383
104862621_172226772,96.43653106689452,0.0,96.43653106689452,10.403954321819016,0.0,10.403954321819016,6.769080576442788,0.0,6.769080576442788,154.30501560688072,0.0,154.30501560688072
104862609_172226751,82.1712646484375,283.04003524780273,365.2112998962402,9.847597796100182,2.744203849596276,9.847597796100182,7.587016258641562,1.1792452289055408,2.535423907886043,192.52375218391424,500.9850461864481,500.9850461864481
104862384_172226319,31.22445297241211,118.7640609741211,149.9885139465332,6.249786065894901,8.04758003728677,8.04758003728677,11.742393105644403,3.4033990187547176,5.043821502905593,85.01249924898117,253.94127763748247,253.94127763748247
102817053,70.5327353477478,0.0,70.5327353477478,8.672141052082013,0.0,8.672141052082013,7.565880449530787,0.0,7.565880449530787,158.76374910354662,0.0,158.76374910354662
108294927_176710650,100.90650939941406,0.0,100.90650939941406,15.693374360408722,0.0,15.693374360408722,6.298137783595505,0.0,6.298137783595505,214.28376403808625,0.0,214.28376403808625
104862681_172226874,88.19051361083984,0.0,88.19051361083984,10.01408861951526,0.0,10.01408861951526,5.357884760065727,0.0,5.357884760065727,158.79874696254728,0.0,158.79874696254728
104862669_172226853,31.268421173095703,0.0,31.268421173095703,4.773899086240962,0.0,4.773899086240962,8.906083912255554,0.0,8.906083912255554,66.06124926328653,0.0,66.06124926328653
104348064_171512940,131.51752853393555,89.93829727172852,221.4558258056641,16.332192593040904,8.164020120599702,16.332192593040904,5.718004914625039,4.057240787396984,4.746841356538696,241.5887571144101,422.9812384605411,422.9812384605411
102817119,132.33050298690796,188.4332609176636,320.76376390457153,11.090141356091449,8.43201029185972,11.090141356091449,6.998660603218898,2.6990226424695565,4.455865957226161,322.53750679492896,297.94002007007566,714.2325161266326
108736872_177263607,88.68475341796875,0.0,88.68475341796875,9.370351101633364,0.0,9.370351101633364,7.203974635768294,0.0,7.203974635768294,175.63626298427562,0.0,175.63626298427562
102816615,58.53816986083984,0.0,58.53816986083984,15.73426249573612,0.0,15.73426249573612,8.686152553335512,0.0,8.686152553335512,118.90625061988816,0.0,118.90625061988816
107733978_175999737,80.27423095703125,24.605003356933597,104.87923431396484,11.808465638760852,1.5512327527535716,11.808465638760852,7.415758631481056,2.9401465852931,6.324257523954322,136.63000652313258,27.62750056743607,190.81000639438625
104862534_172226625,98.95579528808594,263.64129638671875,362.5970916748047,11.015561674519304,2.8711792433465217,11.015561674519304,5.376916618966578,2.290079340304972,3.062947018562902,181.99499874591723,504.3300184202208,504.3300184202208
104348463_171513588,70.1263427734375,0.0,70.1263427734375,6.942580705541828,0.0,6.942580705541828,4.939434902610018,0.0,4.939434902610018,112.09125901699076,0.0,112.09125901699076
102344307,59.1098518371582,25.037504196166992,84.1473560333252,11.854627038597794,3.012768855155763,11.854627038597794,7.599513316282736,5.389278146028253,6.753388611657863,149.97125075817124,62.13751261234347,242.5887709665308
108736800_177263517,132.3019561767578,0.0,132.3019561767578,12.565434426586828,0.0,12.565434426586828,7.226604285977772,0.0,7.226604285977772,335.9837684667115,0.0,335.9837684667115
108294765_176710386,0.0,38.67625427246094,38.67625427246094,0.0,6.670189814901623,6.670189814901623,0.0,8.930028597560785,0.0,0.0,90.90750080823898,90.90750080823898
102344094,30.30832862854004,0.0,30.30832862854004,7.267099011822781,0.0,7.267099011822781,9.609025585785687,0.0,9.609025585785687,58.963749437332126,0.0,58.963749437332126
108736779_177263484,158.80238342285156,0.0,158.80238342285156,17.684643572003765,0.0,17.684643572003765,5.3455480897843,0.0,5.3455480897843,358.0450373935709,0.0,358.0450373935709
107734254_176000121,91.45791625976562,0.0,91.45791625976562,20.721012031591,0.0,20.721012031591,7.576770276973369,0.0,7.576770276973369,216.05750101089487,0.0,216.05750101089487
106879023_174887148,24.962549209594727,34.90750312805176,59.87005233764648,5.100577808744693,2.43387877982167,5.100577808744693,21.53715003395832,2.331405266065812,9.919182348101211,34.18750109672544,91.0075067210198,91.0075067210198
104862474_172226496,68.41371154785156,0.0,68.41371154785156,11.95494326948264,0.0,11.95494326948264,6.904214761347879,0.0,6.904214761347879,116.0862521123886,0.0,116.0862521123886
103997586_171030669,199.201286315918,13.248750686645508,212.45003700256348,10.809625846494413,1.3487221140629753,10.809625846494413,3.845294060903521,5.043237541624609,3.811194805474394,312.48626152992256,21.76000432014553,331.876269989014
104862660_172226844,49.828590393066406,0.0,49.828590393066406,5.747012218602406,0.0,5.747012218602406,6.811087539656419,0.0,6.811087539656419,81.94750434398657,0.0,81.94750434398657
105515211_173104185,38.57124710083008,0.0,38.57124710083008,13.707317289088447,0.0,13.707317289088447,7.626813441449569,0.0,7.626813441449569,83.3962565398217,0.0,83.3962565398217
105515541_173104641,56.41864013671875,151.63497066497803,208.0536108016968,13.569243781726872,3.057662080426696,13.569243781726872,8.949114215973378,4.246603877443809,5.219357023153338,139.3950128841407,304.2525305128097,322.3675345611573
107734146_175999971,49.98125076293945,2225.926830768585,2275.9080815315247,2.5725078104898125,27.952423468242507,27.952423468242507,0.9309903278406104,2.086751713328755,2.0613700205886696,308.48628603935134,3029.351313714982,3029.351313714982
104862558_172226664,54.4873046875,0.0,54.4873046875,15.94423612270091,0.0,15.94423612270091,6.664454142879942,0.0,6.664454142879942,132.07750452518485,0.0,132.07750452518485
105515286_173104287,203.0765686035156,86.95749711990356,290.0340657234192,14.700216085051732,5.096905107189858,14.700216085051732,6.75190364798062,2.996487707494165,5.590286079957477,519.4912819051751,578.5837822294234,703.8050099563616
104862369_172226304,27.051179885864254,0.0,27.051179885864254,8.35736771785499,0.0,8.35736771785499,10.19432932697495,0.0,10.19432932697495,67.48625674963,0.0,67.48625674963
106366335_174226662,50.925142765045166,139.50686073303223,190.4320034980774,9.508746734729543,2.5298743884527406,9.508746734729543,9.023613018233933,4.96551650232576,5.792788274627383,179.90876112937983,414.93251575708473,414.93251575708473
102816066,168.9170799255371,122.33605194091795,291.2531318664551,11.97539576247089,10.83279370196626,11.97539576247089,5.520846850284461,3.86945946714484,4.666352256813118,490.61877045631394,307.9887501764297,645.2250254154205
108294684_176710278,0.0,97.99943733215332,97.99943733215332,0.0,15.658249714503834,15.658249714503834,0.0,5.535478243312001,0.0,0.0,170.04876249551796,170.04876249551796
106878945_174887058,62.676536560058594,0.0,62.676536560058594,9.540974096830375,0.0,9.540974096830375,7.81624561687548,0.0,7.81624561687548,122.9612537932394,0.0,122.9612537932394
104862396_172226349,189.25364685058597,222.64512538909912,411.89877223968506,14.307278774056105,3.884015169056643,14.307278774056105,5.809597053474223,1.6275510275602028,3.4935639957963,434.83499998092526,960.4499906301502,996.5762579965598
106366302_174226617,39.31097412109375,74.36898040771484,113.6799545288086,10.931560093111525,2.9397353493902654,10.931560093111525,9.4312752037135,5.312452053557018,6.469991412839782,98.41376121520987,206.325014770031,217.45626567602125
106366263_174226557,14.796250343322754,438.8195495605469,453.6157999038696,8.417633161169897,46.44126003472904,46.44126003472904,12.980005194459704,2.093342077986443,2.4000057112698747,40.02375313758739,622.7250108718872,622.7250108718872
103997940_171031257,83.05132484436035,2141.052001953125,2224.1033267974854,6.474332767864594,71.18454567980204,71.18454567980204,4.672593522345704,1.6923446555577666,1.7772050340882206,158.8962983226775,2675.047627582549,2675.047627582549
102816786,112.03634643554688,0.0,112.03634643554688,11.38721221854968,0.0,11.38721221854968,6.2220683888542725,0.0,6.2220683888542725,230.30250261783613,0.0,230.30250261783613
106366104_174226329,128.9511489868164,521.9690551757812,650.9202041625977,9.051932649110524,4.156539259726897,9.051932649110524,3.267225191550031,2.0154459231568724,2.2511852555028646,298.35755355835136,816.5251348018646,998.6576114940616
105515175_173104107,1427.032015800476,3302.104667663574,4729.13668346405,31.134698305208616,12.704248715141564,31.134698305208616,3.169727629402976,1.2754571694123882,1.8345492785898456,1587.8687223911254,4562.673902769093,4562.673902769093
107734056_175999839,64.39757537841797,80.44874572753906,144.84632110595703,10.494780802934187,5.317901881573406,10.494780802934187,5.996942455081372,2.6572434273171903,4.028169818051462,117.42376017093648,163.70751166820585,317.9750234007838
102344250,140.58694458007812,0.0,140.58694458007812,15.861732580544158,0.0,15.861732580544158,5.824017001451009,0.0,5.824017001451009,263.9525228357324,0.0,263.9525228357324
103997541_171030615,111.99546813964844,393.66336727142334,505.6588354110718,15.341871717940048,13.235247990611,15.341871717940048,3.434858419228218,1.8446584681558733,2.1625280508802587,186.68999544143617,655.3825427103056,655.3825427103056
108294816_176710461,72.14326477050781,0.0,72.14326477050781,7.207212533112488,0.0,7.207212533112488,8.806195227956824,0.0,8.806195227956824,163.9937579274183,0.0,163.9937579274183
104348181_171513120,146.28795039653778,867.9103546142578,1014.1983050107956,6.884164387754752,51.25067462446857,51.25067462446857,5.730308193525467,2.8624731934957293,3.185213930936742,353.1362754774099,1414.510114040377,1414.510114040377
102815835,94.0351104736328,0.0,94.0351104736328,19.66571437750221,0.0,19.66571437750221,5.795367189125955,0.0,5.795367189125955,179.4125086903572,0.0,179.4125086903572
103997562_171030642,102.26239013671876,160.88062000274658,263.14301013946533,7.38072506993849,11.622634136886449,11.622634136886449,6.5888667298025965,4.314691369283014,4.75420203879358,235.77624977111915,408.2775164461136,408.2775164461136
102344529,92.60152435302734,21.5312557220459,114.13278007507324,8.472016928474867,1.0092391939981809,8.472016928474867,5.584025292383516,1.7982527156551888,4.863406906661729,187.5499978661537,21.571255478859257,240.88500495195424
105515379_173104395,23.010906219482425,86.93185925483704,109.94276547431946,7.242616433293916,14.611633044028968,14.611633044028968,14.064071929538668,6.39769521817595,7.976863213105454,64.49875086069096,216.7537594461446,216.7537594461446
103997994_171031320,46.03244757652283,65.34114837646484,111.37359595298769,8.188635494606695,3.8349320078101914,8.188635494606695,14.115471520226055,2.931144227859858,7.397322670419862,236.5475273036964,76.20998970508617,250.3325197505956
103997613_171030702,36.24038314819336,45.99374103546143,82.23412418365479,4.853138756610696,6.110016634058179,6.110016634058179,10.810398532452531,6.629687316632585,8.064663363709709,86.68499984979597,177.49000464439357,177.49000464439357
102816036,256.93780517578125,0.0,256.93780517578125,18.226382876071213,0.0,18.226382876071213,7.111391390505514,0.0,7.111391390505514,567.954997916223,0.0,567.954997916223
106878915_174887025,39.97417831420898,0.0,39.97417831420898,5.403936079917359,0.0,5.403936079917359,9.376837058184762,0.0,9.376837058184762,97.20876081943538,0.0,97.20876081943538
108294939_176710668,72.7432689666748,0.0,72.7432689666748,10.0723757326458,0.0,10.0723757326458,7.474107742701404,0.0,7.474107742701404,125.83749487400064,0.0,125.83749487400064
102816114,29.56999969482422,188.93230962753296,218.5023093223572,8.527797717556892,17.932765090975632,17.932765090975632,9.399897613694762,2.671101872984305,3.512028559145413,65.43375115156118,341.51250975132007,341.51250975132007
106366410_174226806,102.78592681884766,0.0,102.78592681884766,14.220258468452974,0.0,14.220258468452974,5.966147952368247,0.0,5.966147952368247,195.78124488592155,0.0,195.78124488592155
107734176_176000019,73.92070007324219,2.503751754760742,76.42445182800293,11.222379244253776,1.0469143924136506,11.222379244253776,9.243731942321345,10.449155018994196,9.07433155420875,161.18249623060274,2.7862529945373344,167.24000274896616
106365897_174225969,428.87213134765625,242.97184801101685,671.8439793586731,15.470284252922616,7.395664254656299,15.470284252922616,4.2657159982403146,2.8169110746831265,3.69776388841044,764.5900262928006,672.24505806446,1051.1688412666315
105515265_173104248,200.807373046875,486.7958068847656,687.6031799316406,19.027855751313624,2.155358473251534,19.027855751313624,5.330017303173024,2.4394353911885838,3.1310783907452526,363.79245049476594,1246.076261882783,1246.076261882783
106878867_174886977,177.7238731384277,542.4048461914062,720.128719329834,10.353862511448094,4.42669584929506,10.353862511448094,3.867834353991001,1.33148699955545,1.879396598396385,428.3687732696416,868.9652122116241,868.9652122116241
102816627,59.19557189941406,18.98374938964844,78.1793212890625,8.972065839159903,1.314443986366682,8.972065839159903,5.956850786923116,5.023750895980733,5.572810539674688,141.2387507486344,22.861249817609743,156.7612495672704
108294573_176710113,52.744571685791016,0.0,52.744571685791016,6.791474441226762,0.0,6.791474441226762,8.72931502827328,0.0,8.72931502827328,112.39875370979296,0.0,112.39875370979296
106366371_174226743,316.4017639160156,369.17417430877686,685.5759382247925,27.11387894980338,8.763490488207028,27.11387894980338,3.6959389275108943,2.555312069934012,3.064777185317096,498.6512315559394,542.7975210571293,1138.5612306785586
104862417_172226382,0.0,339.40602111816406,339.40602111816406,0.0,12.612566765777444,12.612566765777444,0.0,3.990559751567434,0.0,0.0,672.577554378511,672.577554378511
108294600_176710152,0.0,0.0,0.0,0.0,0.0,0.0,0.0,0.0,0.0,0.0,0.0,0.0
102816600,121.38558769226074,296.90890979766846,418.2944974899292,16.040309050601703,14.56243797491664,16.040309050601703,8.565443803381273,1.879656281359538,3.865311336429349,167.6425149154661,394.313761191368,394.313761191368
106366185_174226443,340.23401641845703,0.0,340.23401641845703,15.832479447114803,0.0,15.832479447114803,3.4636529675538728,0.0,3.4636529675538728,707.1137759017952,0.0,707.1137759017952
106366323_174226647,0.0,1215.1351735591888,1215.1351735591888,0.0,39.904781908453,39.904781908453,0.0,3.136384268872744,0.0,0.0,1785.493682384491,1785.493682384491
103997970_171031287,43.36251068115234,0.0,43.36251068115234,12.589429768146298,0.0,12.589429768146298,6.145408675952437,0.0,6.145408675952437,75.07999851822852,0.0,75.07999851822852
106366386_174226770,116.65782165527344,0.0,116.65782165527344,8.9014150185429,0.0,8.9014150185429,5.6950674026918255,0.0,5.6950674026918255,186.5562454700471,0.0,186.5562454700471
105515151_173104068,609.0604248046875,17.245454788208008,626.3058795928955,20.66822440792089,1.2564272603061382,20.66822440792089,2.6139460750066164,2.701174063504451,2.616347914716558,912.088749699592,20.966251173018456,1022.7625077247604
102816756,262.3630676269531,14.137502670288086,276.5005702972412,14.816734756615112,3.592311420048099,14.816734756615112,3.798465912600074,5.8057072812099735,3.8763863664015097,490.7037459516523,21.86750237464912,498.1574875879287
103997865_171031116,46.0424919128418,0.0,46.0424919128418,22.885432607232303,0.0,22.885432607232303,8.694951192549903,0.0,8.694951192549903,104.31125736951844,0.0,104.31125736951844
104348082_171512994,40.36875915527344,0.0,40.36875915527344,8.529921542131552,0.0,8.529921542131552,10.34936313049856,0.0,10.34936313049856,81.93875076055497,0.0,81.93875076055497
107733945_175999674,166.9996337890625,0.0,166.9996337890625,19.433818940369363,0.0,19.433818940369363,5.575240331878956,0.0,5.575240331878956,320.54627305030766,0.0,320.54627305030766
106366353_174226695,67.41751098632812,38.95285034179688,106.370361328125,11.550127116426644,3.567106018793912,11.550127116426644,8.41478740421422,6.258238489922316,7.437157021876045,141.0749944448471,62.820009284019314,220.09499555110915
102344022,113.64697074890135,140.32752990722656,253.97450065612796,10.047114538600352,1.0031278235639811,10.047114538600352,5.852465448000827,0.2974578630859572,2.685028833158824,292.6700282263756,141.38501330852569,374.14503688097057
108736656_177263304,73.29894256591797,266.7240295410156,340.0229721069336,14.498655680994633,2.4139982287214266,14.498655680994633,9.24151504289012,2.376721369579312,3.70673405912893,140.16750475883464,436.43252294540434,436.43252294540434
108736824_177263559,81.92994689941406,0.0,81.92994689941406,12.335693914382098,0.0,12.335693914382098,7.275756900713081,0.0,7.275756900713081,172.32625543355948,0.0,172.32625543355948
104348289_171513294,11.246747016906738,0.0,11.246747016906738,5.110111886750992,0.0,5.110111886750992,16.213620139393885,0.0,16.213620139393885,35.2749973058701,0.0,35.2749973058701
108294870_176710551,52.5574951171875,0.0,52.5574951171875,13.633345255953827,0.0,13.633345255953827,8.816710287952988,0.0,8.816710287952988,147.49126408338563,0.0,147.49126408338563
102816852,0.0,58.53076553344727,58.53076553344727,0.0,9.841936751704896,9.841936751704896,0.0,8.409832725747894,0.0,0.0,114.21875657439227,114.21875657439227
108294558_176710095,37.60250854492188,0.0,37.60250854492188,16.84137049735088,0.0,16.84137049735088,9.017395732916638,0.0,9.017395732916638,81.23125552833096,0.0,81.23125552833096
102344457,90.85025787353516,35.7812442779541,126.63150215148926,12.935324389983238,4.11541018266793,12.935324389983238,6.990913517572489,7.2524949372719485,6.920698220525756,201.04625287413572,189.30376200914355,242.13001459360132
104348202_171513150,29.33026146888733,0.0,29.33026146888733,9.264832532032722,0.0,9.264832532032722,14.223752222319035,0.0,14.223752222319035,77.98624698638923,0.0,77.98624698638923
107734110_175999914,78.63124084472656,0.0,78.63124084472656,7.259725143904208,0.0,7.259725143904208,4.226953515022845,0.0,4.226953515022845,127.80500568866732,0.0,127.80500568866732
104348010_171512832,258.4980010986328,150.2405171394348,408.7385182380676,12.766095293717488,6.513480406190137,12.766095293717488,4.173608579459837,4.2301239089147655,4.151198400616119,456.1337700939189,548.492529673576,796.8925543975843
106878960_174887073,63.249996185302734,0.0,63.249996185302734,13.19181701970526,0.0,13.19181701970526,7.944820670272278,0.0,7.944820670272278,135.02374729633357,0.0,135.02374729633357
107734287_176000160,104.61471557617188,0.0,104.61471557617188,13.67961058517778,0.0,13.67961058517778,6.857342126249879,0.0,6.857342126249879,229.4187581777572,0.0,229.4187581777572
108736851_177263586,245.11764526367188,0.0,245.11764526367188,16.419451333790718,0.0,16.419451333790718,4.261074779230035,0.0,4.261074779230035,472.631265377998,0.0,472.631265377998
105515160_173104077,144.0029296875,497.3787841796875,641.3817138671875,12.46546671371789,3.106425592349835,12.46546671371789,4.501475345635168,2.3373031466831566,2.7990927320378,278.4150007343287,838.5000761985793,838.5000761985793
104348103_171513021,26.310665130615234,0.0,26.310665130615234,6.595651754245228,0.0,6.595651754245228,7.452026995628769,0.0,7.452026995628769,61.48875166654556,0.0,61.48875166654556
102343992,0.0,916.6370944976808,916.6370944976808,0.0,11.481090898663163,11.481090898663163,0.0,3.172298081572905,0.0,0.0,1067.9525211071968,1067.9525211071968
102815859_169535055,55.491817474365234,0.0,55.491817474365234,8.995567215870018,0.0,8.995567215870018,8.659711255154356,0.0,8.659711255154356,118.99126193761866,0.0,118.99126193761866
104862573_172226682,90.47775173187256,23.462501525878903,113.94025325775146,6.426607609851353,7.209567355459401,7.209567355459401,6.178019752988135,6.202839663040122,6.029214461367627,216.6524883842467,52.90125136852249,239.6274884080886
107734110_175999917,0.0,792.0020954608917,792.0020954608917,0.0,16.605383964356143,16.605383964356143,0.0,2.489667213618628,0.0,0.0,1190.397534503937,1190.397534503937
108736635_177263256,78.95989990234375,0.0,78.95989990234375,18.645207937632264,0.0,18.645207937632264,6.966837035932552,0.0,6.966837035932552,142.125000154972,0.0,142.125000154972
107734479_176000442,74.71697235107422,0.0,74.71697235107422,7.885885051581623,0.0,7.885885051581623,6.901589957307785,0.0,6.901589957307785,159.128758683205,0.0,159.128758683205
102344328,70.3648452758789,110.65748596191406,181.02233123779297,9.092351784611932,19.241446077566877,19.241446077566877,5.216616655438813,5.412871927148068,5.33658591462441,119.01001280784568,218.4175149512293,507.01001404762224
102816201,72.91254425048828,0.0,72.91254425048828,9.827206443836218,0.0,9.827206443836218,5.673473216035887,0.0,5.673473216035887,133.270003526211,0.0,133.270003526211
104862579_172226694,20.34781265258789,0.0,20.34781265258789,2.760393301011273,0.0,2.760393301011273,8.80804153307096,0.0,8.80804153307096,40.14374999999996,0.0,40.14374999999996
106879104_174887235,139.9801483154297,18.76499557495117,158.74514389038086,19.242940249573056,2.153722003057481,19.242940249573056,4.473692161652742,4.63985034579355,4.427476465722504,255.09374978542337,29.57124291419996,298.3637494611744
104348028_171512877,244.96219873428345,0.0,244.96219873428345,11.457318097564348,0.0,11.457318097564348,3.511008567062904,0.0,3.511008567062904,570.8987980794927,0.0,570.8987980794927
107734119_175999932,40.408966064453125,0.0,40.408966064453125,5.616726714552015,0.0,5.616726714552015,6.820399736049001,0.0,6.820399736049001,76.79625364303593,0.0,76.79625364303593
